{
  "generated_at_utc": "2025-12-03T10:51:32.009458Z",
  "n_rows": 25,
  "label_units_sold": {
    "mean": 115.44,
    "std": 40.850418194513836,
    "min": 66.0,
    "max": 270.0,
    "p25": 93.0,
    "p50": 104.0,
    "p75": 125.0
  },
  "features": {
    "store_id": {
      "mean": 2.88,
      "std": 1.87794213613377,
      "min": 1.0,
      "max": 5.0,
      "p25": 1.0,
      "p50": 2.0,
      "p75": 5.0
    },
    "is_weekend": {
      "mean": 0.32,
      "std": 0.47609522856952335,
      "min": 0.0,
      "max": 1.0,
      "p25": 0.0,
      "p50": 0.0,
      "p75": 1.0
    },
    "is_holiday": {
      "mean": 0.08,
      "std": 0.27688746209726917,
      "min": 0.0,
      "max": 1.0,
      "p25": 0.0,
      "p50": 0.0,
      "p75": 0.0
    },
    "max_temp_c": {
      "mean": 30.532000000000004,
      "std": 2.5105975384358206,
      "min": 26.6,
      "max": 35.5,
      "p25": 29.0,
      "p50": 30.1,
      "p75": 32.0
    },
    "rainfall_mm": {
      "mean": 3.2560000000000002,
      "std": 2.534607135895686,
      "min": 0.0,
      "max": 7.1,
      "p25": 0.8,
      "p50": 2.9,
      "p75": 5.6
    },
    "is_hot_day": {
      "mean": 0.32,
      "std": 0.4760952285695233,
      "min": 0.0,
      "max": 1.0,
      "p25": 0.0,
      "p50": 0.0,
      "p75": 1.0
    },
    "is_rainy_day": {
      "mean": 0.36,
      "std": 0.48989794855663565,
      "min": 0.0,
      "max": 1.0,
      "p25": 0.0,
      "p50": 0.0,
      "p75": 1.0
    },
    "base_price": {
      "mean": 13.097999999999999,
      "std": 1.485967698168436,
      "min": 10.05,
      "max": 14.96,
      "p25": 12.75,
      "p50": 13.16,
      "p75": 14.2
    },
    "discount_pct": {
      "mean": 0.05600000000000001,
      "std": 0.1044030650891055,
      "min": 0.0,
      "max": 0.3,
      "p25": 0.0,
      "p50": 0.0,
      "p75": 0.1
    },
    "is_promo": {
      "mean": 0.28,
      "std": 0.458257569495584,
      "min": 0.0,
      "max": 1.0,
      "p25": 0.0,
      "p50": 0.0,
      "p75": 1.0
    },
    "final_price": {
      "mean": 12.371999999999998,
      "std": 1.9837884631851923,
      "min": 7.08,
      "max": 14.96,
      "p25": 11.31,
      "p50": 12.99,
      "p75": 13.8
    },
    "year": {
      "mean": 2024.0,
      "std": 0.0,
      "min": 2024.0,
      "max": 2024.0,
      "p25": 2024.0,
      "p50": 2024.0,
      "p75": 2024.0
    },
    "month": {
      "mean": 2.32,
      "std": 1.0692676621563626,
      "min": 1.0,
      "max": 4.0,
      "p25": 1.0,
      "p50": 3.0,
      "p75": 3.0
    },
    "day": {
      "mean": 12.36,
      "std": 8.736322643614608,
      "min": 1.0,
      "max": 31.0,
      "p25": 5.0,
      "p50": 10.0,
      "p75": 18.0
    },
    "day_of_year": {
      "mean": 52.24,
      "std": 33.23186222086669,
      "min": 1.0,
      "max": 98.0,
      "p25": 16.0,
      "p50": 62.0,
      "p75": 78.0
    },
    "day_of_week_index": {
      "mean": 2.8,
      "std": 2.309401076758503,
      "min": 0.0,
      "max": 6.0,
      "p25": 1.0,
      "p50": 2.0,
      "p75": 5.0
    },
    "discount_amount": {
      "mean": 0.7256,
      "std": 1.3436265602217505,
      "min": 0.0,
      "max": 4.26,
      "p25": 0.0,
      "p50": 0.0,
      "p75": 1.278
    },
    "is_promo_or_holiday": {
      "mean": 0.32,
      "std": 0.4760952285695233,
      "min": 0.0,
      "max": 1.0,
      "p25": 0.0,
      "p50": 0.0,
      "p75": 1.0
    }
  }
}